warehouse_code,current_sku,item_id,current_name,current_unit,current_quantity,bind_to_canonical,is_store_exclusive,will_change
wh_000,WP0013,51,冰碗5oz,箱,25.0,冰碗5oz,1 (存量收编),"(仅新增canonical_id绑定,不动业务字段)"
wh_002,WP0013,66,冰碗5oz,箱,0.8499999999999995,冰碗5oz,1 (存量收编),"(仅新增canonical_id绑定,不动业务字段)"
wh_003,WP0013,51,冰碗5oz,箱,2.0000000000000004,冰碗5oz,1 (存量收编),"(仅新增canonical_id绑定,不动业务字段)"
wh_004,WP0013,51,冰碗5oz,箱,0.7999999999999998,冰碗5oz,1 (存量收编),"(仅新增canonical_id绑定,不动业务字段)"
wh_006,WP0013,51,冰碗5oz,箱,0.85,冰碗5oz,1 (存量收编),"(仅新增canonical_id绑定,不动业务字段)"
wh_000,WP0014,50,冰碗8oz,箱,1.0,冰碗8oz,1 (存量收编),"(仅新增canonical_id绑定,不动业务字段)"
wh_002,WP0014,65,冰碗8oz,箱,0,冰碗8oz,1 (存量收编),"(仅新增canonical_id绑定,不动业务字段)"
wh_003,WP0014,50,冰碗8oz,箱,0.0,冰碗8oz,1 (存量收编),"(仅新增canonical_id绑定,不动业务字段)"
wh_004,WP0014,50,冰碗8oz,箱,0.85,冰碗8oz,1 (存量收编),"(仅新增canonical_id绑定,不动业务字段)"
wh_006,WP0014,50,冰碗8oz,箱,0.95,冰碗8oz,1 (存量收编),"(仅新增canonical_id绑定,不动业务字段)"
wh_000,WP0017,49,冰碗3oz,箱,21.0,冰碗3oz,1 (存量收编),"(仅新增canonical_id绑定,不动业务字段)"
wh_002,WP0017,64,冰碗3oz,箱,0.9999999999999987,冰碗3oz,1 (存量收编),"(仅新增canonical_id绑定,不动业务字段)"
wh_003,WP0017,49,冰碗3oz,箱,0.8999999999999981,冰碗3oz,1 (存量收编),"(仅新增canonical_id绑定,不动业务字段)"
wh_004,WP0017,49,冰碗3oz,箱,1.4999999999999996,冰碗3oz,1 (存量收编),"(仅新增canonical_id绑定,不动业务字段)"
wh_006,WP0017,49,冰碗3oz,箱,1.72,冰碗3oz,1 (存量收编),"(仅新增canonical_id绑定,不动业务字段)"
wh_000,WP0018,48,甜筒托,分装箱,0.0,甜筒托,1 (存量收编),"(仅新增canonical_id绑定,不动业务字段)"
wh_002,WP0018,63,甜筒托,分装箱,2.7755575615628914e-17,甜筒托,1 (存量收编),"(仅新增canonical_id绑定,不动业务字段)"
wh_003,WP0018,48,甜筒托,分装箱,1.0,甜筒托,1 (存量收编),"(仅新增canonical_id绑定,不动业务字段)"
wh_004,WP0018,48,甜筒托,分装箱,0.69,甜筒托,1 (存量收编),"(仅新增canonical_id绑定,不动业务字段)"
wh_006,WP0018,48,甜筒托,分装箱,0.0,甜筒托,1 (存量收编),"(仅新增canonical_id绑定,不动业务字段)"
wh_000,WP0020,1,冷冻芒果酱,箱,4.33,冷冻芒果酱,1 (存量收编),"(仅新增canonical_id绑定,不动业务字段)"
wh_002,WP0020,15,冷冻芒果酱,箱,0.3399999999999998,冷冻芒果酱,1 (存量收编),"(仅新增canonical_id绑定,不动业务字段)"
wh_003,WP0020,1,冷冻芒果酱,箱,1.01,冷冻芒果酱,1 (存量收编),"(仅新增canonical_id绑定,不动业务字段)"
wh_004,WP0020,1,冷冻芒果酱,箱,1.2999999999999996,冷冻芒果酱,1 (存量收编),"(仅新增canonical_id绑定,不动业务字段)"
wh_006,WP0020,1,冷冻芒果酱,箱,0.25,冷冻芒果酱,1 (存量收编),"(仅新增canonical_id绑定,不动业务字段)"
wh_000,WP0023,29,蓝钻杏仁片,包,0.0,蓝钻杏仁片,1 (存量收编),"(仅新增canonical_id绑定,不动业务字段)"
wh_002,WP0023,43,蓝钻杏仁片,包,0.010000000000000009,蓝钻杏仁片,1 (存量收编),"(仅新增canonical_id绑定,不动业务字段)"
wh_003,WP0023,29,蓝钻杏仁片,包,0.0,蓝钻杏仁片,1 (存量收编),"(仅新增canonical_id绑定,不动业务字段)"
wh_004,WP0023,29,蓝钻杏仁片,包,0.0,蓝钻杏仁片,1 (存量收编),"(仅新增canonical_id绑定,不动业务字段)"
wh_006,WP0023,29,蓝钻杏仁片,包,1.0,蓝钻杏仁片,1 (存量收编),"(仅新增canonical_id绑定,不动业务字段)"
wh_000,WP0024,30,黄金椰子粒,包,0.0,黄金椰子粒,1 (存量收编),"(仅新增canonical_id绑定,不动业务字段)"
wh_002,WP0024,44,黄金椰子粒,包,0.9999999999999994,黄金椰子粒,1 (存量收编),"(仅新增canonical_id绑定,不动业务字段)"
wh_003,WP0024,30,黄金椰子粒,包,0.0,黄金椰子粒,1 (存量收编),"(仅新增canonical_id绑定,不动业务字段)"
wh_004,WP0024,30,黄金椰子粒,包,1.0,黄金椰子粒,1 (存量收编),"(仅新增canonical_id绑定,不动业务字段)"
wh_006,WP0024,30,黄金椰子粒,包,0.0,黄金椰子粒,1 (存量收编),"(仅新增canonical_id绑定,不动业务字段)"
wh_000,WP0027,28,开心果碎1-3cm,袋,0.0,开心果碎1-3cm,1 (存量收编),"(仅新增canonical_id绑定,不动业务字段)"
wh_002,WP0027,42,开心果碎1-3cm,袋,0,开心果碎1-3cm,1 (存量收编),"(仅新增canonical_id绑定,不动业务字段)"
wh_003,WP0027,28,开心果碎1-3cm,袋,1.0,开心果碎1-3cm,1 (存量收编),"(仅新增canonical_id绑定,不动业务字段)"
wh_004,WP0027,28,开心果碎1-3cm,袋,0.0,开心果碎1-3cm,1 (存量收编),"(仅新增canonical_id绑定,不动业务字段)"
wh_006,WP0027,28,开心果碎1-3cm,袋,0.0,开心果碎1-3cm,1 (存量收编),"(仅新增canonical_id绑定,不动业务字段)"
wh_000,WP0029,27,冻干无花果碎粒,包,0.0,冻干无花果碎粒,1 (存量收编),"(仅新增canonical_id绑定,不动业务字段)"
wh_002,WP0029,41,冻干无花果碎粒,包,0.4999999999999999,冻干无花果碎粒,1 (存量收编),"(仅新增canonical_id绑定,不动业务字段)"
wh_003,WP0029,27,冻干无花果碎粒,包,0.0,冻干无花果碎粒,1 (存量收编),"(仅新增canonical_id绑定,不动业务字段)"
wh_004,WP0029,27,冻干无花果碎粒,包,0.7999999999999999,冻干无花果碎粒,1 (存量收编),"(仅新增canonical_id绑定,不动业务字段)"
wh_006,WP0029,27,冻干无花果碎粒,包,1.8,冻干无花果碎粒,1 (存量收编),"(仅新增canonical_id绑定,不动业务字段)"
wh_000,WP0037,13,方巾-蓝,条,0.0,方巾-蓝,1 (存量收编),"(仅新增canonical_id绑定,不动业务字段)"
wh_002,WP0037,27,方巾-蓝,条,82,方巾-蓝,1 (存量收编),"(仅新增canonical_id绑定,不动业务字段)"
wh_003,WP0037,13,方巾-蓝,条,60.0,方巾-蓝,1 (存量收编),"(仅新增canonical_id绑定,不动业务字段)"
wh_004,WP0037,13,方巾-蓝,条,98.0,方巾-蓝,1 (存量收编),"(仅新增canonical_id绑定,不动业务字段)"
wh_006,WP0037,13,方巾-蓝,条,90.0,方巾-蓝,1 (存量收编),"(仅新增canonical_id绑定,不动业务字段)"
wh_000,WP0038,12,方巾-褐,条,0.0,方巾-褐,1 (存量收编),"(仅新增canonical_id绑定,不动业务字段)"
wh_002,WP0038,26,方巾-褐,条,98,方巾-褐,1 (存量收编),"(仅新增canonical_id绑定,不动业务字段)"
wh_003,WP0038,12,方巾-褐,条,75.0,方巾-褐,1 (存量收编),"(仅新增canonical_id绑定,不动业务字段)"
wh_004,WP0038,12,方巾-褐,条,100.0,方巾-褐,1 (存量收编),"(仅新增canonical_id绑定,不动业务字段)"
wh_006,WP0038,12,方巾-褐,条,100.0,方巾-褐,1 (存量收编),"(仅新增canonical_id绑定,不动业务字段)"
wh_000,WP0056,26,花生碎1-3cm,包,0.0,花生碎1-3cm,1 (存量收编),"(仅新增canonical_id绑定,不动业务字段)"
wh_002,WP0056,40,花生碎1-3cm,包,0.7999999999999999,花生碎1-3cm,1 (存量收编),"(仅新增canonical_id绑定,不动业务字段)"
wh_003,WP0056,26,花生碎1-3cm,包,0.8,花生碎1-3cm,1 (存量收编),"(仅新增canonical_id绑定,不动业务字段)"
wh_004,WP0056,26,花生碎1-3cm,包,0.0,花生碎1-3cm,1 (存量收编),"(仅新增canonical_id绑定,不动业务字段)"
wh_006,WP0056,26,花生碎1-3cm,包,0.0,花生碎1-3cm,1 (存量收编),"(仅新增canonical_id绑定,不动业务字段)"
wh_000,WP0062,11,方巾-白,条,0.0,方巾-白,1 (存量收编),"(仅新增canonical_id绑定,不动业务字段)"
wh_002,WP0062,25,方巾-白,条,71,方巾-白,1 (存量收编),"(仅新增canonical_id绑定,不动业务字段)"
wh_003,WP0062,11,方巾-白,条,29.0,方巾-白,1 (存量收编),"(仅新增canonical_id绑定,不动业务字段)"
wh_004,WP0062,11,方巾-白,条,4.0,方巾-白,1 (存量收编),"(仅新增canonical_id绑定,不动业务字段)"
wh_006,WP0062,11,方巾-白,条,100.0,方巾-白,1 (存量收编),"(仅新增canonical_id绑定,不动业务字段)"
wh_000,WP0073,22,玫瑰花瓣1.5cm,包,0.0,玫瑰花瓣1.5cm,1 (存量收编),"(仅新增canonical_id绑定,不动业务字段)"
wh_002,WP0073,36,玫瑰花瓣1.5cm,包,0.5,玫瑰花瓣1.5cm,1 (存量收编),"(仅新增canonical_id绑定,不动业务字段)"
wh_003,WP0073,22,玫瑰花瓣1.5cm,包,1.0,玫瑰花瓣1.5cm,1 (存量收编),"(仅新增canonical_id绑定,不动业务字段)"
wh_004,WP0073,22,玫瑰花瓣1.5cm,包,0.99,玫瑰花瓣1.5cm,1 (存量收编),"(仅新增canonical_id绑定,不动业务字段)"
wh_006,WP0073,22,玫瑰花瓣1.5cm,包,1.8,玫瑰花瓣1.5cm,1 (存量收编),"(仅新增canonical_id绑定,不动业务字段)"
wh_000,WP0075,23,五谷杂粮炒米,包,0.0,五谷杂粮炒米,1 (存量收编),"(仅新增canonical_id绑定,不动业务字段)"
wh_002,WP0075,37,五谷杂粮炒米,包,0.7000000000000001,五谷杂粮炒米,1 (存量收编),"(仅新增canonical_id绑定,不动业务字段)"
wh_003,WP0075,23,五谷杂粮炒米,包,0.0,五谷杂粮炒米,1 (存量收编),"(仅新增canonical_id绑定,不动业务字段)"
wh_004,WP0075,23,五谷杂粮炒米,包,1.0,五谷杂粮炒米,1 (存量收编),"(仅新增canonical_id绑定,不动业务字段)"
wh_006,WP0075,23,五谷杂粮炒米,包,0.0,五谷杂粮炒米,1 (存量收编),"(仅新增canonical_id绑定,不动业务字段)"
wh_000,WP0076,47,餐巾纸,箱,2.0,餐巾纸,1 (存量收编),"(仅新增canonical_id绑定,不动业务字段)"
wh_002,WP0076,62,餐巾纸,箱,0.9,餐巾纸,1 (存量收编),"(仅新增canonical_id绑定,不动业务字段)"
wh_003,WP0076,47,餐巾纸,箱,0.76,餐巾纸,1 (存量收编),"(仅新增canonical_id绑定,不动业务字段)"
wh_004,WP0076,47,餐巾纸,箱,0.9,餐巾纸,1 (存量收编),"(仅新增canonical_id绑定,不动业务字段)"
wh_006,WP0076,47,餐巾纸,箱,3.0,餐巾纸,1 (存量收编),"(仅新增canonical_id绑定,不动业务字段)"
wh_000,WP0085,24,可可薄脆,袋,0.0,可可薄脆,1 (存量收编),"(仅新增canonical_id绑定,不动业务字段)"
wh_002,WP0085,38,可可薄脆,袋,0.8999999999999998,可可薄脆,1 (存量收编),"(仅新增canonical_id绑定,不动业务字段)"
wh_003,WP0085,24,可可薄脆,袋,0.0,可可薄脆,1 (存量收编),"(仅新增canonical_id绑定,不动业务字段)"
wh_004,WP0085,24,可可薄脆,袋,1.0,可可薄脆,1 (存量收编),"(仅新增canonical_id绑定,不动业务字段)"
wh_006,WP0085,24,可可薄脆,袋,1.0,可可薄脆,1 (存量收编),"(仅新增canonical_id绑定,不动业务字段)"
wh_000,WP0086,25,梦龙脆脆粒,包,0.0,梦龙脆脆粒,1 (存量收编),"(仅新增canonical_id绑定,不动业务字段)"
wh_002,WP0086,39,梦龙脆脆粒,包,0,梦龙脆脆粒,1 (存量收编),"(仅新增canonical_id绑定,不动业务字段)"
wh_003,WP0086,25,梦龙脆脆粒,包,0.0,梦龙脆脆粒,1 (存量收编),"(仅新增canonical_id绑定,不动业务字段)"
wh_004,WP0086,25,梦龙脆脆粒,包,0.0,梦龙脆脆粒,1 (存量收编),"(仅新增canonical_id绑定,不动业务字段)"
wh_006,WP0086,25,梦龙脆脆粒,包,0.0,梦龙脆脆粒,1 (存量收编),"(仅新增canonical_id绑定,不动业务字段)"
wh_000,WP0090,18,纯牛奶,盒,0.0,纯牛奶,1 (存量收编),"(仅新增canonical_id绑定,不动业务字段)"
wh_002,WP0090,32,纯牛奶,盒,3.4400000000000035,纯牛奶,1 (存量收编),"(仅新增canonical_id绑定,不动业务字段)"
wh_003,WP0090,18,纯牛奶,盒,48.99999999999995,纯牛奶,1 (存量收编),"(仅新增canonical_id绑定,不动业务字段)"
wh_004,WP0090,18,纯牛奶,盒,32.350000000000016,纯牛奶,1 (存量收编),"(仅新增canonical_id绑定,不动业务字段)"
wh_006,WP0090,18,纯牛奶,盒,27.8,纯牛奶,1 (存量收编),"(仅新增canonical_id绑定,不动业务字段)"
wh_000,WP0096,10,一次性手套,盒,0.0,一次性手套,1 (存量收编),"(仅新增canonical_id绑定,不动业务字段)"
wh_002,WP0096,24,一次性手套,盒,4,一次性手套,1 (存量收编),"(仅新增canonical_id绑定,不动业务字段)"
wh_003,WP0096,10,一次性手套,盒,1.0,一次性手套,1 (存量收编),"(仅新增canonical_id绑定,不动业务字段)"
wh_004,WP0096,10,一次性手套,盒,2.0,一次性手套,1 (存量收编),"(仅新增canonical_id绑定,不动业务字段)"
wh_006,WP0096,10,一次性手套,盒,1.0,一次性手套,1 (存量收编),"(仅新增canonical_id绑定,不动业务字段)"
wh_000,WP0097,17,挤酱瓶800ml,个,0.0,挤酱瓶800ml,1 (存量收编),"(仅新增canonical_id绑定,不动业务字段)"
wh_002,WP0097,31,挤酱瓶800ml,个,4,挤酱瓶800ml,1 (存量收编),"(仅新增canonical_id绑定,不动业务字段)"
wh_003,WP0097,17,挤酱瓶800ml,个,0.0,挤酱瓶800ml,1 (存量收编),"(仅新增canonical_id绑定,不动业务字段)"
wh_004,WP0097,17,挤酱瓶800ml,个,0.0,挤酱瓶800ml,1 (存量收编),"(仅新增canonical_id绑定,不动业务字段)"
wh_006,WP0097,17,挤酱瓶800ml,个,0.0,挤酱瓶800ml,1 (存量收编),"(仅新增canonical_id绑定,不动业务字段)"
wh_000,WP0101,46,甜筒杯圈,分装箱,0.0,甜筒杯圈,1 (存量收编),"(仅新增canonical_id绑定,不动业务字段)"
wh_002,WP0101,60,甜筒杯圈,分装箱,0.5,甜筒杯圈,1 (存量收编),"(仅新增canonical_id绑定,不动业务字段)"
wh_003,WP0101,46,甜筒杯圈,分装箱,2.78,甜筒杯圈,1 (存量收编),"(仅新增canonical_id绑定,不动业务字段)"
wh_004,WP0101,46,甜筒杯圈,分装箱,0.19999999999999996,甜筒杯圈,1 (存量收编),"(仅新增canonical_id绑定,不动业务字段)"
wh_006,WP0101,46,甜筒杯圈,分装箱,0.0,甜筒杯圈,1 (存量收编),"(仅新增canonical_id绑定,不动业务字段)"
wh_000,WP0105,19,淡奶油,盒,0.0,"淡奶油(主=箱,辅=盒,率=12)",1 (存量收编),unit→箱
wh_002,WP0105,33,淡奶油,箱,0.21000000000000002,"淡奶油(主=箱,辅=盒,率=12)",1 (存量收编),"(仅新增canonical_id绑定,不动业务字段)"
wh_003,WP0105,19,淡奶油,盒,9.400000000000011,"淡奶油(主=箱,辅=盒,率=12)",1 (存量收编),unit→箱
wh_004,WP0105,19,淡奶油,箱,0.5000000000000001,"淡奶油(主=箱,辅=盒,率=12)",1 (存量收编),"(仅新增canonical_id绑定,不动业务字段)"
wh_006,WP0105,19,淡奶油,箱,0.0,"淡奶油(主=箱,辅=盒,率=12)",1 (存量收编),"(仅新增canonical_id绑定,不动业务字段)"
wh_000,WP0108,45,银卡单面烫黑金,箱,0.0,银卡单面烫黑金,1 (存量收编),"(仅新增canonical_id绑定,不动业务字段)"
wh_002,WP0108,59,银卡单面烫黑金,箱,-1.3877787807814457e-16,银卡单面烫黑金,1 (存量收编),"(仅新增canonical_id绑定,不动业务字段)"
wh_003,WP0108,45,银卡单面烫黑金,箱,8.326672684688674e-17,银卡单面烫黑金,1 (存量收编),"(仅新增canonical_id绑定,不动业务字段)"
wh_004,WP0108,45,银卡单面烫黑金,箱,0.0,银卡单面烫黑金,1 (存量收编),"(仅新增canonical_id绑定,不动业务字段)"
wh_006,WP0108,45,银卡单面烫黑金,箱,0.0,银卡单面烫黑金,1 (存量收编),"(仅新增canonical_id绑定,不动业务字段)"
wh_000,WP0109,44,金卡单面烫黑金,箱,15.0,金卡单面烫黑金,1 (存量收编),"(仅新增canonical_id绑定,不动业务字段)"
wh_002,WP0109,58,金卡单面烫黑金,箱,0.5000000000000001,金卡单面烫黑金,1 (存量收编),"(仅新增canonical_id绑定,不动业务字段)"
wh_003,WP0109,44,金卡单面烫黑金,箱,0.0,金卡单面烫黑金,1 (存量收编),"(仅新增canonical_id绑定,不动业务字段)"
wh_004,WP0109,44,金卡单面烫黑金,箱,0.9,金卡单面烫黑金,1 (存量收编),"(仅新增canonical_id绑定,不动业务字段)"
wh_006,WP0109,44,金卡单面烫黑金,箱,0.8,金卡单面烫黑金,1 (存量收编),"(仅新增canonical_id绑定,不动业务字段)"
wh_000,WP0111,43,冰激凌勺短,包,40.0,冰激凌勺短,1 (存量收编),"(仅新增canonical_id绑定,不动业务字段)"
wh_002,WP0111,57,冰激凌勺短,包,11.999999999999996,冰激凌勺短,1 (存量收编),"(仅新增canonical_id绑定,不动业务字段)"
wh_003,WP0111,43,冰激凌勺短,包,5.0,冰激凌勺短,1 (存量收编),"(仅新增canonical_id绑定,不动业务字段)"
wh_004,WP0111,43,冰激凌勺短,包,2.0,冰激凌勺短,1 (存量收编),"(仅新增canonical_id绑定,不动业务字段)"
wh_006,WP0111,43,冰激凌勺短,包,4.0,冰激凌勺短,1 (存量收编),"(仅新增canonical_id绑定,不动业务字段)"
wh_000,WP0112,42,冰激凌勺长,包,0.0,冰激凌勺长,1 (存量收编),"(仅新增canonical_id绑定,不动业务字段)"
wh_002,WP0112,56,冰激凌勺长,包,0,冰激凌勺长,1 (存量收编),"(仅新增canonical_id绑定,不动业务字段)"
wh_003,WP0112,42,冰激凌勺长,包,21.0,冰激凌勺长,1 (存量收编),"(仅新增canonical_id绑定,不动业务字段)"
wh_004,WP0112,42,冰激凌勺长,包,12.0,冰激凌勺长,1 (存量收编),"(仅新增canonical_id绑定,不动业务字段)"
wh_006,WP0112,42,冰激凌勺长,包,9.0,冰激凌勺长,1 (存量收编),"(仅新增canonical_id绑定,不动业务字段)"
wh_000,WP0113,41,试吃勺,箱,0.0,试吃勺,1 (存量收编),"(仅新增canonical_id绑定,不动业务字段)"
wh_002,WP0113,55,试吃勺,箱,1.6999999999999995,试吃勺,1 (存量收编),"(仅新增canonical_id绑定,不动业务字段)"
wh_003,WP0113,41,试吃勺,箱,1.7000000000000002,试吃勺,1 (存量收编),"(仅新增canonical_id绑定,不动业务字段)"
wh_004,WP0113,41,试吃勺,箱,1.5999999999999999,试吃勺,1 (存量收编),"(仅新增canonical_id绑定,不动业务字段)"
wh_006,WP0113,41,试吃勺,箱,0.7,试吃勺,1 (存量收编),"(仅新增canonical_id绑定,不动业务字段)"
wh_000,WP0126,21,⽔果粉,袋,0.0,⽔果粉,1 (存量收编),"(仅新增canonical_id绑定,不动业务字段)"
wh_002,WP0126,35,⽔果粉,袋,0.43999999999999906,⽔果粉,1 (存量收编),"(仅新增canonical_id绑定,不动业务字段)"
wh_003,WP0126,21,⽔果粉,袋,0.709999999999999,⽔果粉,1 (存量收编),"(仅新增canonical_id绑定,不动业务字段)"
wh_004,WP0126,21,⽔果粉,袋,1.8199999999999996,⽔果粉,1 (存量收编),"(仅新增canonical_id绑定,不动业务字段)"
wh_006,WP0126,21,⽔果粉,袋,0.43999999999999995,⽔果粉,1 (存量收编),"(仅新增canonical_id绑定,不动业务字段)"
wh_000,WP0129,3,榛子巧克力,桶,0.0,榛子巧克力-桶装,1 (存量收编),name→榛子巧克力-桶装
wh_002,WP0129,17,榛子巧克力-散,罐,0.20000000000000212,榛子巧克力-散装,1 (存量收编),name→榛子巧克力-散装
wh_003,WP0129,3,榛子巧克力,桶,0.12999999999999926,榛子巧克力-桶装,1 (存量收编),name→榛子巧克力-桶装
wh_004,WP0129,3,榛子巧克力-散,罐,0.04000000000000048,榛子巧克力-散装,1 (存量收编),name→榛子巧克力-散装
wh_006,WP0129,3,榛子巧克力-散,罐,0.0,榛子巧克力-散装,1 (存量收编),name→榛子巧克力-散装
wh_000,WP0160,35,原味奶浆JYX001,袋,30.0,原味奶浆JYX001,1 (存量收编),"(仅新增canonical_id绑定,不动业务字段)"
wh_002,WP0160,49,原味奶浆JYX001,袋,6,原味奶浆JYX001,1 (存量收编),"(仅新增canonical_id绑定,不动业务字段)"
wh_003,WP0160,35,原味奶浆JYX001,袋,17.0,原味奶浆JYX001,1 (存量收编),"(仅新增canonical_id绑定,不动业务字段)"
wh_004,WP0160,35,原味奶浆JYX001,袋,6.5,原味奶浆JYX001,1 (存量收编),"(仅新增canonical_id绑定,不动业务字段)"
wh_006,WP0160,35,原味奶浆JYX001,袋,16.0,原味奶浆JYX001,1 (存量收编),"(仅新增canonical_id绑定,不动业务字段)"
wh_000,WP0163,16,卫衣-冬,个,0.0,卫衣-冬,1 (存量收编),"(仅新增canonical_id绑定,不动业务字段)"
wh_002,WP0163,30,卫衣-冬,个,0,卫衣-冬,1 (存量收编),"(仅新增canonical_id绑定,不动业务字段)"
wh_003,WP0163,16,卫衣-冬,个,0.0,卫衣-冬,1 (存量收编),"(仅新增canonical_id绑定,不动业务字段)"
wh_004,WP0163,16,卫衣-冬,个,0.0,卫衣-冬,1 (存量收编),"(仅新增canonical_id绑定,不动业务字段)"
wh_006,WP0163,16,卫衣-冬,个,0.0,卫衣-冬,1 (存量收编),"(仅新增canonical_id绑定,不动业务字段)"
wh_000,WP0164,15,马甲-冬,个,0.0,马甲-冬,1 (存量收编),"(仅新增canonical_id绑定,不动业务字段)"
wh_002,WP0164,29,马甲-冬,个,0,马甲-冬,1 (存量收编),"(仅新增canonical_id绑定,不动业务字段)"
wh_003,WP0164,15,马甲-冬,个,0.0,马甲-冬,1 (存量收编),"(仅新增canonical_id绑定,不动业务字段)"
wh_004,WP0164,15,马甲-冬,个,0.0,马甲-冬,1 (存量收编),"(仅新增canonical_id绑定,不动业务字段)"
wh_006,WP0164,15,马甲-冬,个,0.0,马甲-冬,1 (存量收编),"(仅新增canonical_id绑定,不动业务字段)"
wh_000,WP0165,14,帽子-冬,个,0.0,帽子-冬,1 (存量收编),"(仅新增canonical_id绑定,不动业务字段)"
wh_002,WP0165,28,帽子-冬,个,0,帽子-冬,1 (存量收编),"(仅新增canonical_id绑定,不动业务字段)"
wh_003,WP0165,14,帽子-冬,个,0.0,帽子-冬,1 (存量收编),"(仅新增canonical_id绑定,不动业务字段)"
wh_004,WP0165,14,帽子-冬,个,0.0,帽子-冬,1 (存量收编),"(仅新增canonical_id绑定,不动业务字段)"
wh_006,WP0165,14,帽子-冬,个,0.0,帽子-冬,1 (存量收编),"(仅新增canonical_id绑定,不动业务字段)"
wh_000,WP0192,20,草莓丁,包,0.0,草莓丁,1 (存量收编),"(仅新增canonical_id绑定,不动业务字段)"
wh_002,WP0192,34,草莓丁,包,1.0999999999999996,草莓丁,1 (存量收编),"(仅新增canonical_id绑定,不动业务字段)"
wh_003,WP0192,20,草莓丁,包,5.600000000000003,草莓丁,1 (存量收编),"(仅新增canonical_id绑定,不动业务字段)"
wh_004,WP0192,20,草莓丁,包,1.0,草莓丁,1 (存量收编),"(仅新增canonical_id绑定,不动业务字段)"
wh_006,WP0192,20,草莓丁,包,1.4,草莓丁,1 (存量收编),"(仅新增canonical_id绑定,不动业务字段)"
wh_000,WP0200,39,泰茶风味冰激淋,袋,0.0,泰茶风味冰激淋,1 (存量收编),"(仅新增canonical_id绑定,不动业务字段)"
wh_002,WP0200,53,泰茶风味冰激淋,袋,0,泰茶风味冰激淋,1 (存量收编),"(仅新增canonical_id绑定,不动业务字段)"
wh_003,WP0200,39,泰茶风味冰激淋,袋,0.0,泰茶风味冰激淋,1 (存量收编),"(仅新增canonical_id绑定,不动业务字段)"
wh_004,WP0200,39,泰茶风味冰激淋,袋,0.0,泰茶风味冰激淋,1 (存量收编),"(仅新增canonical_id绑定,不动业务字段)"
wh_006,WP0200,39,泰茶风味冰激淋,袋,0.0,泰茶风味冰激淋,1 (存量收编),"(仅新增canonical_id绑定,不动业务字段)"
wh_000,WP0201,38,北海道牛乳60,袋,11.0,北海道牛乳60,1 (存量收编),"(仅新增canonical_id绑定,不动业务字段)"
wh_002,WP0201,52,北海道牛乳60,袋,3,北海道牛乳60,1 (存量收编),"(仅新增canonical_id绑定,不动业务字段)"
wh_003,WP0201,38,北海道牛乳60,袋,5.0,北海道牛乳60,1 (存量收编),"(仅新增canonical_id绑定,不动业务字段)"
wh_004,WP0201,38,北海道牛乳60,袋,2.0,北海道牛乳60,1 (存量收编),"(仅新增canonical_id绑定,不动业务字段)"
wh_006,WP0201,38,北海道牛乳60,袋,3.0,北海道牛乳60,1 (存量收编),"(仅新增canonical_id绑定,不动业务字段)"
wh_000,WP0202,37,哈密瓜口味,袋,52.0,哈密瓜口味,1 (存量收编),"(仅新增canonical_id绑定,不动业务字段)"
wh_002,WP0202,51,哈密瓜口味,袋,2,哈密瓜口味,1 (存量收编),"(仅新增canonical_id绑定,不动业务字段)"
wh_003,WP0202,37,哈密瓜口味,袋,10.0,哈密瓜口味,1 (存量收编),"(仅新增canonical_id绑定,不动业务字段)"
wh_004,WP0202,37,哈密瓜口味,袋,3.5,哈密瓜口味,1 (存量收编),"(仅新增canonical_id绑定,不动业务字段)"
wh_006,WP0202,37,哈密瓜口味,袋,3.0,哈密瓜口味,1 (存量收编),"(仅新增canonical_id绑定,不动业务字段)"
wh_000,WP0203,34,华夫蛋筒,箱,2.0,华夫蛋筒,1 (存量收编),"(仅新增canonical_id绑定,不动业务字段)"
wh_002,WP0203,48,华夫蛋筒,箱,0.9999999999999999,华夫蛋筒,1 (存量收编),"(仅新增canonical_id绑定,不动业务字段)"
wh_003,WP0203,34,华夫蛋筒,箱,2.4499999999999993,华夫蛋筒,1 (存量收编),"(仅新增canonical_id绑定,不动业务字段)"
wh_004,WP0203,34,华夫蛋筒,箱,0.6,华夫蛋筒,1 (存量收编),"(仅新增canonical_id绑定,不动业务字段)"
wh_006,WP0203,34,华夫蛋筒,箱,0.0,华夫蛋筒,1 (存量收编),"(仅新增canonical_id绑定,不动业务字段)"
wh_000,WP0204,52,杯子-蓝,箱,0.0,杯子-蓝,1 (存量收编),"(仅新增canonical_id绑定,不动业务字段)"
wh_002,WP0204,67,杯子-蓝,箱,0,杯子-蓝,1 (存量收编),"(仅新增canonical_id绑定,不动业务字段)"
wh_003,WP0204,52,杯子-银,箱,0.65,杯子-银,1 (存量收编),"(仅新增canonical_id绑定,不动业务字段)"
wh_004,WP0204,52,杯子-蓝,箱,0.0,杯子-蓝,1 (存量收编),"(仅新增canonical_id绑定,不动业务字段)"
wh_006,WP0204,52,杯子-蓝,箱,0.0,杯子-蓝,1 (存量收编),"(仅新增canonical_id绑定,不动业务字段)"
wh_000,WP0205,40,迷你冰糕,盒,0.0,迷你冰糕,1 (存量收编),"(仅新增canonical_id绑定,不动业务字段)"
wh_002,WP0205,54,迷你冰糕,盒,0.00999999999999987,迷你冰糕,1 (存量收编),"(仅新增canonical_id绑定,不动业务字段)"
wh_003,WP0205,40,迷你冰糕,盒,2.7755575615628914e-17,迷你冰糕,1 (存量收编),"(仅新增canonical_id绑定,不动业务字段)"
wh_004,WP0205,40,迷你冰糕,盒,0.0,迷你冰糕,1 (存量收编),"(仅新增canonical_id绑定,不动业务字段)"
wh_006,WP0205,40,迷你冰糕,盒,0.0,迷你冰糕,1 (存量收编),"(仅新增canonical_id绑定,不动业务字段)"
wh_000,WP0212,9,希腊酸奶风味酱,桶,0.0,希腊酸奶风味酱-桶装,1 (存量收编),name→希腊酸奶风味酱-桶装
wh_002,WP0212,23,希腊酸奶风味酱 - 散,罐,0.45999999999999985,希腊酸奶风味酱-散装,1 (存量收编),name→希腊酸奶风味酱-散装
wh_003,WP0212,9,希腊酸奶风味酱,桶,-1.0061396160665481e-16,希腊酸奶风味酱-桶装,1 (存量收编),name→希腊酸奶风味酱-桶装
wh_004,WP0212,9,希腊酸奶风味酱 - 散,罐,0.63,希腊酸奶风味酱-散装,1 (存量收编),name→希腊酸奶风味酱-散装
wh_006,WP0212,9,希腊酸奶风味酱 - 散,罐,0.0,希腊酸奶风味酱-散装,1 (存量收编),name→希腊酸奶风味酱-散装
wh_000,WP0213,8,焦糖酱,桶,0.0,焦糖酱-桶装,1 (存量收编),name→焦糖酱-桶装
wh_002,WP0213,22,焦糖酱 - 散,罐,0.20000000000000018,焦糖酱-散装,1 (存量收编),name→焦糖酱-散装
wh_003,WP0213,8,焦糖酱,桶,0.07999999999999963,焦糖酱-桶装,1 (存量收编),name→焦糖酱-桶装
wh_004,WP0213,8,焦糖酱 - 散,罐,1.0,焦糖酱-散装,1 (存量收编),name→焦糖酱-散装
wh_006,WP0213,8,焦糖酱 - 散,罐,0.18000000000000005,焦糖酱-散装,1 (存量收编),name→焦糖酱-散装
wh_000,WP0215,33,重瓣玫瑰花粉 - 散,罐,0.0,重瓣玫瑰花粉 - 散,1 (存量收编),"(仅新增canonical_id绑定,不动业务字段)"
wh_002,WP0215,47,重瓣玫瑰花粉 - 散,罐,0.2700000000000001,重瓣玫瑰花粉 - 散,1 (存量收编),"(仅新增canonical_id绑定,不动业务字段)"
wh_003,WP0215,33,重瓣玫瑰花粉 - 散,罐,1.9999999999999998,重瓣玫瑰花粉 - 散,1 (存量收编),"(仅新增canonical_id绑定,不动业务字段)"
wh_004,WP0215,33,重瓣玫瑰花粉 - 散,罐,-1.457167719820518e-16,重瓣玫瑰花粉 - 散,1 (存量收编),"(仅新增canonical_id绑定,不动业务字段)"
wh_006,WP0215,33,重瓣玫瑰花粉 - 散,罐,0.0,重瓣玫瑰花粉 - 散,1 (存量收编),"(仅新增canonical_id绑定,不动业务字段)"
wh_000,WP0216,7,玫瑰调味酱,桶,0.0,玫瑰调味酱-桶装,1 (存量收编),name→玫瑰调味酱-桶装
wh_002,WP0216,21,玫瑰调味酱 - 散,罐,1.16,玫瑰调味酱-散装,1 (存量收编),name→玫瑰调味酱-散装
wh_003,WP0216,7,玫瑰调味酱,桶,0.6799999999999999,玫瑰调味酱-桶装,1 (存量收编),name→玫瑰调味酱-桶装
wh_004,WP0216,7,玫瑰调味酱 - 散,罐,0.8199999999999998,玫瑰调味酱-散装,1 (存量收编),name→玫瑰调味酱-散装
wh_006,WP0216,7,玫瑰调味酱 - 散,罐,0.85,玫瑰调味酱-散装,1 (存量收编),name→玫瑰调味酱-散装
wh_000,WP0217,6,有色树莓调味酱,桶,0.0,有色树莓调味酱-桶装,1 (存量收编),name→有色树莓调味酱-桶装
wh_002,WP0217,20,有色树莓调味酱 - 散,罐,0.7399999999999994,有色树莓调味酱-散装,1 (存量收编),name→有色树莓调味酱-散装
wh_003,WP0217,6,有色树莓调味酱,桶,0.9399999999999996,有色树莓调味酱-桶装,1 (存量收编),name→有色树莓调味酱-桶装
wh_004,WP0217,6,有色树莓调味酱 - 散,罐,0.4400000000000002,有色树莓调味酱-散装,1 (存量收编),name→有色树莓调味酱-散装
wh_006,WP0217,6,有色树莓调味酱 - 散,罐,0.51,有色树莓调味酱-散装,1 (存量收编),name→有色树莓调味酱-散装
wh_000,WP0218,5,无色树莓调味酱,桶,0.0,无色树莓调味酱-桶装,1 (存量收编),name→无色树莓调味酱-桶装
wh_002,WP0218,19,无色树莓调味酱 - 散,罐,0.47999999999999976,无色树莓调味酱-散装,1 (存量收编),name→无色树莓调味酱-散装
wh_003,WP0218,5,无色树莓调味酱,桶,0.4299999999999997,无色树莓调味酱-桶装,1 (存量收编),name→无色树莓调味酱-桶装
wh_004,WP0218,5,无色树莓调味酱 - 散,罐,0.48999999999999966,无色树莓调味酱-散装,1 (存量收编),name→无色树莓调味酱-散装
wh_006,WP0218,5,无色树莓调味酱 - 散,罐,0.64,无色树莓调味酱-散装,1 (存量收编),name→无色树莓调味酱-散装
wh_000,WP0219,4,橙子酱,桶,0.0,橙子酱-桶装,1 (存量收编),name→橙子酱-桶装
wh_002,WP0219,18,橙子酱 - 散,罐,0.9100000000000001,橙子酱-散装,1 (存量收编),name→橙子酱-散装
wh_003,WP0219,4,橙子酱,桶,0.9299999999999998,橙子酱-桶装,1 (存量收编),name→橙子酱-桶装
wh_004,WP0219,4,橙子酱 - 散,罐,1.66,橙子酱-散装,1 (存量收编),name→橙子酱-散装
wh_006,WP0219,4,橙子酱 - 散,罐,0.36,橙子酱-散装,1 (存量收编),name→橙子酱-散装
wh_000,WP0221,36,海盐荔枝口味,袋,4.0,海盐荔枝口味,1 (存量收编),"(仅新增canonical_id绑定,不动业务字段)"
wh_002,WP0221,50,海盐荔枝口味,袋,2,海盐荔枝口味,1 (存量收编),"(仅新增canonical_id绑定,不动业务字段)"
wh_003,WP0221,36,海盐荔枝口味,袋,4.0,海盐荔枝口味,1 (存量收编),"(仅新增canonical_id绑定,不动业务字段)"
wh_004,WP0221,36,海盐荔枝口味,袋,2.0,海盐荔枝口味,1 (存量收编),"(仅新增canonical_id绑定,不动业务字段)"
wh_006,WP0221,36,海盐荔枝口味,袋,4.0,海盐荔枝口味,1 (存量收编),"(仅新增canonical_id绑定,不动业务字段)"
wh_000,WP0223,2,草莓风味酱,桶,0.0,草莓风味酱-桶装,1 (存量收编),name→草莓风味酱-桶装
wh_002,WP0223,16,草莓风味酱-散,罐,0.4000000000000005,草莓风味酱-散装,1 (存量收编),name→草莓风味酱-散装
wh_003,WP0223,2,草莓风味酱,桶,0.3599999999999996,草莓风味酱-桶装,1 (存量收编),name→草莓风味酱-桶装
wh_004,WP0223,2,草莓风味酱-散,罐,0.0,草莓风味酱-散装,1 (存量收编),name→草莓风味酱-散装
wh_006,WP0223,2,草莓风味酱-散,罐,0.36000000000000004,草莓风味酱-散装,1 (存量收编),name→草莓风味酱-散装
wh_000,WP0225,32,安德鲁杏子酱,袋,0.0,安德鲁杏子酱,1 (存量收编),"(仅新增canonical_id绑定,不动业务字段)"
wh_002,WP0225,46,安德鲁杏子酱,袋,0.09999999999999964,安德鲁杏子酱,1 (存量收编),"(仅新增canonical_id绑定,不动业务字段)"
wh_003,WP0225,32,安德鲁杏子酱,袋,1.3999999999999997,安德鲁杏子酱,1 (存量收编),"(仅新增canonical_id绑定,不动业务字段)"
wh_004,WP0225,32,安德鲁杏子酱,袋,2.0,安德鲁杏子酱,1 (存量收编),"(仅新增canonical_id绑定,不动业务字段)"
wh_006,WP0225,32,安德鲁杏子酱,袋,1.7,安德鲁杏子酱,1 (存量收编),"(仅新增canonical_id绑定,不动业务字段)"
wh_000,WP0231,31,巧克力布朗尼酱,桶,0.0,巧克力布朗尼酱-桶装,1 (存量收编),name→巧克力布朗尼酱-桶装
wh_002,WP0231,45,巧克力布朗尼酱 罐装,罐,0.4999999999999998,巧克力布朗尼酱-散装,1 (存量收编),name→巧克力布朗尼酱-散装
wh_003,WP0231,31,巧克力布朗尼酱,桶,0.07000000000000002,巧克力布朗尼酱-桶装,1 (存量收编),name→巧克力布朗尼酱-桶装
wh_004,WP0231,31,巧克力布朗尼酱 罐装,罐,0.0,巧克力布朗尼酱-散装,1 (存量收编),name→巧克力布朗尼酱-散装
wh_006,WP0231,31,巧克力布朗尼酱 罐装,罐,0.0,巧克力布朗尼酱-散装,1 (存量收编),name→巧克力布朗尼酱-散装
wh_000,AUTO-20260622142350338875,53,芝麻酱,桶,0.0,芝麻酱,1 (存量收编),"(仅新增canonical_id绑定,不动业务字段)"
wh_002,AUTO-20260622142350338875,68,芝麻酱,桶,1.249000902703301e-16,芝麻酱,1 (存量收编),"(仅新增canonical_id绑定,不动业务字段)"
wh_003,AUTO-20260622142350338875,53,芝麻酱,桶,-4.85722573273506e-17,芝麻酱,1 (存量收编),"(仅新增canonical_id绑定,不动业务字段)"
wh_004,AUTO-20260622142350338875,53,芝麻酱,桶,0.0,芝麻酱,1 (存量收编),"(仅新增canonical_id绑定,不动业务字段)"
wh_006,AUTO-20260622142350338875,53,芝麻酱,桶,1.0,芝麻酱,1 (存量收编),"(仅新增canonical_id绑定,不动业务字段)"
wh_000,AUTO-20260622142501511669,54,芝麻粒,瓶,0.0,芝麻粒,1 (存量收编),"(仅新增canonical_id绑定,不动业务字段)"
wh_002,AUTO-20260622142501511669,69,芝麻粒,瓶,1.2999999999999996,芝麻粒,1 (存量收编),"(仅新增canonical_id绑定,不动业务字段)"
wh_003,AUTO-20260622142501511669,54,芝麻粒,瓶,1.7,芝麻粒,1 (存量收编),"(仅新增canonical_id绑定,不动业务字段)"
wh_004,AUTO-20260622142501511669,54,芝麻粒,瓶,0.0,芝麻粒,1 (存量收编),"(仅新增canonical_id绑定,不动业务字段)"
wh_006,AUTO-20260622142501511669,54,芝麻粒,瓶,1.0,芝麻粒,1 (存量收编),"(仅新增canonical_id绑定,不动业务字段)"
wh_000,AUTO-20260622143235481274,55,木姜子油,瓶,0.0,木姜子油,1 (存量收编),"(仅新增canonical_id绑定,不动业务字段)"
wh_002,AUTO-20260622143235481274,70,木姜子油,瓶,1.0099999999999991,木姜子油,1 (存量收编),"(仅新增canonical_id绑定,不动业务字段)"
wh_003,AUTO-20260622143235481274,55,木姜子油,瓶,3.31,木姜子油,1 (存量收编),"(仅新增canonical_id绑定,不动业务字段)"
wh_004,AUTO-20260622143235481274,55,木姜子油,瓶,0.95,木姜子油,1 (存量收编),"(仅新增canonical_id绑定,不动业务字段)"
wh_006,AUTO-20260622143235481274,55,木姜子油,瓶,0.8,木姜子油,1 (存量收编),"(仅新增canonical_id绑定,不动业务字段)"
wh_000,AUTO-20260622143600205563,56,海盐,瓶,0.0,海盐,1 (存量收编),"(仅新增canonical_id绑定,不动业务字段)"
wh_002,AUTO-20260622143600205563,71,海盐,瓶,1.08,海盐,1 (存量收编),"(仅新增canonical_id绑定,不动业务字段)"
wh_003,AUTO-20260622143600205563,56,海盐,瓶,1.0299999999999998,海盐,1 (存量收编),"(仅新增canonical_id绑定,不动业务字段)"
wh_004,AUTO-20260622143600205563,56,海盐,瓶,0.98,海盐,1 (存量收编),"(仅新增canonical_id绑定,不动业务字段)"
wh_006,AUTO-20260622143600205563,56,海盐,瓶,0.9,海盐,1 (存量收编),"(仅新增canonical_id绑定,不动业务字段)"
wh_000,AUTO-20260622211140991425,57,开心果脆脆蘸酱,罐,0.0,开心果脆脆蘸酱,1 (存量收编),"(仅新增canonical_id绑定,不动业务字段)"
wh_002,AUTO-20260622211140991425,72,开心果脆脆蘸酱,罐,0,开心果脆脆蘸酱,1 (存量收编),"(仅新增canonical_id绑定,不动业务字段)"
wh_003,AUTO-20260622211140991425,57,开心果脆脆蘸酱,罐,1.91,开心果脆脆蘸酱,1 (存量收编),"(仅新增canonical_id绑定,不动业务字段)"
wh_004,AUTO-20260622211140991425,57,开心果脆脆蘸酱,罐,0.0,开心果脆脆蘸酱,1 (存量收编),"(仅新增canonical_id绑定,不动业务字段)"
wh_006,AUTO-20260622211140991425,57,开心果脆脆蘸酱,罐,0.0,开心果脆脆蘸酱,1 (存量收编),"(仅新增canonical_id绑定,不动业务字段)"
wh_000,AUTO-20260622211219596866,58,白牛奶脆脆蘸酱,罐,0.0,白牛奶脆脆蘸酱,1 (存量收编),"(仅新增canonical_id绑定,不动业务字段)"
wh_002,AUTO-20260622211219596866,73,白牛奶脆脆蘸酱,罐,0,白牛奶脆脆蘸酱,1 (存量收编),"(仅新增canonical_id绑定,不动业务字段)"
wh_003,AUTO-20260622211219596866,58,白牛奶脆脆蘸酱,罐,1.16,白牛奶脆脆蘸酱,1 (存量收编),"(仅新增canonical_id绑定,不动业务字段)"
wh_004,AUTO-20260622211219596866,58,白牛奶脆脆蘸酱,罐,0.0,白牛奶脆脆蘸酱,1 (存量收编),"(仅新增canonical_id绑定,不动业务字段)"
wh_006,AUTO-20260622211219596866,58,白牛奶脆脆蘸酱,罐,0.0,白牛奶脆脆蘸酱,1 (存量收编),"(仅新增canonical_id绑定,不动业务字段)"
wh_000,AUTO-20260622211242199722,59,巧克力脆脆蘸酱,罐,0.0,巧克力脆脆蘸酱,1 (存量收编),"(仅新增canonical_id绑定,不动业务字段)"
wh_002,AUTO-20260622211242199722,74,巧克力脆脆蘸酱,罐,0.010000000000000009,巧克力脆脆蘸酱,1 (存量收编),"(仅新增canonical_id绑定,不动业务字段)"
wh_003,AUTO-20260622211242199722,59,巧克力脆脆蘸酱,罐,1.0,巧克力脆脆蘸酱,1 (存量收编),"(仅新增canonical_id绑定,不动业务字段)"
wh_004,AUTO-20260622211242199722,59,巧克力脆脆蘸酱,罐,0.0,巧克力脆脆蘸酱,1 (存量收编),"(仅新增canonical_id绑定,不动业务字段)"
wh_006,AUTO-20260622211242199722,59,巧克力脆脆蘸酱,罐,0.0,巧克力脆脆蘸酱,1 (存量收编),"(仅新增canonical_id绑定,不动业务字段)"
wh_000,AUTO-20260623113313063197,60,葡萄糖,袋,0.0,葡萄糖,1 (存量收编),"(仅新增canonical_id绑定,不动业务字段)"
wh_002,AUTO-20260623113313063197,75,葡萄糖,袋,0.30999999999999966,葡萄糖,1 (存量收编),"(仅新增canonical_id绑定,不动业务字段)"
wh_003,AUTO-20260623113313063197,60,葡萄糖,袋,0.8099999999999987,葡萄糖,1 (存量收编),"(仅新增canonical_id绑定,不动业务字段)"
wh_004,AUTO-20260623113313063197,60,葡萄糖,袋,0.8099999999999998,葡萄糖,1 (存量收编),"(仅新增canonical_id绑定,不动业务字段)"
wh_006,AUTO-20260623113313063197,60,葡萄糖,袋,2.0,葡萄糖,1 (存量收编),"(仅新增canonical_id绑定,不动业务字段)"
wh_000,AUTO-20260623113427334797,61,蔗糖,袋,0.0,蔗糖,1 (存量收编),"(仅新增canonical_id绑定,不动业务字段)"
wh_002,AUTO-20260623113427334797,76,蔗糖,袋,4.059999999999999,蔗糖,1 (存量收编),"(仅新增canonical_id绑定,不动业务字段)"
wh_003,AUTO-20260623113427334797,61,蔗糖,袋,4.790000000000003,蔗糖,1 (存量收编),"(仅新增canonical_id绑定,不动业务字段)"
wh_004,AUTO-20260623113427334797,61,蔗糖,袋,0.2799999999999997,蔗糖,1 (存量收编),"(仅新增canonical_id绑定,不动业务字段)"
wh_006,AUTO-20260623113427334797,61,蔗糖,袋,2.0,蔗糖,1 (存量收编),"(仅新增canonical_id绑定,不动业务字段)"
wh_000,AUTO-20260623114522193841,62,抹茶口味,包,0.0,抹茶口味,1 (存量收编),"(仅新增canonical_id绑定,不动业务字段)"
wh_002,AUTO-20260623114522193841,77,抹茶口味,包,0,抹茶口味,1 (存量收编),"(仅新增canonical_id绑定,不动业务字段)"
wh_003,AUTO-20260623114522193841,62,抹茶口味,包,0.0,抹茶口味,1 (存量收编),"(仅新增canonical_id绑定,不动业务字段)"
wh_004,AUTO-20260623114522193841,62,抹茶口味,包,0.0,抹茶口味,1 (存量收编),"(仅新增canonical_id绑定,不动业务字段)"
wh_006,AUTO-20260623114522193841,62,抹茶口味,包,0.0,抹茶口味,1 (存量收编),"(仅新增canonical_id绑定,不动业务字段)"
wh_000,AUTO-20260626154242188210,63,杯子-透明,箱,0.0,杯子-透明,1 (存量收编),"(仅新增canonical_id绑定,不动业务字段)"
wh_003,AUTO-20260626154242188210,63,杯子-透明,箱,0.5000000000000001,杯子-透明,1 (存量收编),"(仅新增canonical_id绑定,不动业务字段)"
wh_000,AUTO-20260626154544221533,64,花瓣碗托,箱,0.0,花瓣碗托,1 (存量收编),"(仅新增canonical_id绑定,不动业务字段)"
wh_003,AUTO-20260626154544221533,64,花瓣碗托,箱,0.5,花瓣碗托,1 (存量收编),"(仅新增canonical_id绑定,不动业务字段)"
wh_000,AUTO-20260626154634552373,65,花瓣碗防滴环,箱,0.0,花瓣碗防滴环,1 (存量收编),"(仅新增canonical_id绑定,不动业务字段)"
wh_003,AUTO-20260626154634552373,65,花瓣碗防滴环,箱,0.5,花瓣碗防滴环,1 (存量收编),"(仅新增canonical_id绑定,不动业务字段)"
wh_000,AUTO-20260626154710518765,66,花瓣碗,箱,0.0,花瓣碗,1 (存量收编),"(仅新增canonical_id绑定,不动业务字段)"
wh_003,AUTO-20260626154710518765,66,花瓣碗,箱,0.5,花瓣碗,1 (存量收编),"(仅新增canonical_id绑定,不动业务字段)"
wh_000,AUTO-20260626160646053535,67,德国碱水结,桶,0.0,德国碱水结,1 (存量收编),"(仅新增canonical_id绑定,不动业务字段)"
wh_003,AUTO-20260626160646053535,67,德国碱水结,桶,-1.1102230246251565e-16,德国碱水结,1 (存量收编),"(仅新增canonical_id绑定,不动业务字段)"
wh_000,AUTO-20260626161557046903,68,冰伯朗,盒,0.0,冰伯朗,1 (存量收编),"(仅新增canonical_id绑定,不动业务字段)"
wh_003,AUTO-20260626161557046903,68,冰伯朗,盒,1.8999999999999893,冰伯朗,1 (存量收编),"(仅新增canonical_id绑定,不动业务字段)"
wh_000,AUTO-20260626161954032042,69,蔗糖糖浆,桶,0.0,蔗糖糖浆,1 (存量收编),"(仅新增canonical_id绑定,不动业务字段)"
wh_003,AUTO-20260626161954032042,69,蔗糖糖浆,桶,5.04,蔗糖糖浆,1 (存量收编),"(仅新增canonical_id绑定,不动业务字段)"
wh_002,AUTO-20260629084345506274,78,德国碱水结风味酱 - 散,件,-1.3877787807814457e-16,德国碱水结风味酱 - 散,1 (存量收编),"(仅新增canonical_id绑定,不动业务字段)"
wh_004,AUTO-20260629084345506274,63,德国碱水结风味酱 - 散,件,0.0,德国碱水结风味酱 - 散,1 (存量收编),"(仅新增canonical_id绑定,不动业务字段)"
wh_006,AUTO-20260629084345506274,63,德国碱水结风味酱 - 散,件,0.0,德国碱水结风味酱 - 散,1 (存量收编),"(仅新增canonical_id绑定,不动业务字段)"
wh_000,AUTO-20260629123452248834,70,好师傅蛋筒粉,袋,0.0,好师傅蛋筒粉,1 (存量收编),"(仅新增canonical_id绑定,不动业务字段)"
wh_003,AUTO-20260629123452248834,70,好师傅蛋筒粉,袋,1.0,好师傅蛋筒粉,1 (存量收编),"(仅新增canonical_id绑定,不动业务字段)"
wh_000,AUTO-20260629123631151408,71,42插排,箱,0.0,42插排,1 (存量收编),"(仅新增canonical_id绑定,不动业务字段)"
wh_003,AUTO-20260629123631151408,71,42插排,箱,0.1,42插排,1 (存量收编),"(仅新增canonical_id绑定,不动业务字段)"
wh_000,AUTO-20260629123800192215,72,安德鲁海盐焦糖酱,袋,0.0,安德鲁海盐焦糖酱,1 (存量收编),"(仅新增canonical_id绑定,不动业务字段)"
wh_003,AUTO-20260629123800192215,72,安德鲁海盐焦糖酱,袋,1.0,安德鲁海盐焦糖酱,1 (存量收编),"(仅新增canonical_id绑定,不动业务字段)"
wh_000,AUTO-20260629123843427531,73,可颂,个,0.0,可颂,1 (存量收编),"(仅新增canonical_id绑定,不动业务字段)"
wh_003,AUTO-20260629123843427531,73,可颂,个,0.0,可颂,1 (存量收编),"(仅新增canonical_id绑定,不动业务字段)"
wh_000,AUTO-20260629123932502144,74,薄荷风味糖浆,瓶,0.0,薄荷风味糖浆,1 (存量收编),"(仅新增canonical_id绑定,不动业务字段)"
wh_003,AUTO-20260629123932502144,74,薄荷风味糖浆,瓶,2.0,薄荷风味糖浆,1 (存量收编),"(仅新增canonical_id绑定,不动业务字段)"
wh_000,AUTO-20260629124101119674,75,牛轧糖味,桶,0.0,牛轧糖味,1 (存量收编),"(仅新增canonical_id绑定,不动业务字段)"
wh_003,AUTO-20260629124101119674,75,牛轧糖味,桶,0.6999999999997817,牛轧糖味,1 (存量收编),"(仅新增canonical_id绑定,不动业务字段)"
wh_000,AUTO-20260629124151836105,76,小票纸80*60,箱,0.0,小票纸80*60,1 (存量收编),"(仅新增canonical_id绑定,不动业务字段)"
wh_003,AUTO-20260629124151836105,76,小票纸80*60,箱,26.0,小票纸80*60,1 (存量收编),"(仅新增canonical_id绑定,不动业务字段)"
wh_000,AUTO-20260629124223466656,77,标签纸40*30,卷,0.0,标签纸40*30,1 (存量收编),"(仅新增canonical_id绑定,不动业务字段)"
wh_003,AUTO-20260629124223466656,77,标签纸40*30,卷,23.0,标签纸40*30,1 (存量收编),"(仅新增canonical_id绑定,不动业务字段)"
wh_000,AUTO-20260629124324325964,78,小动物积木,件,0.0,小动物积木,1 (存量收编),"(仅新增canonical_id绑定,不动业务字段)"
wh_003,AUTO-20260629124324325964,78,小动物积木,件,140.0,小动物积木,1 (存量收编),"(仅新增canonical_id绑定,不动业务字段)"
wh_003,AUTO-20260704121136900058,79,黑胡椒蜂蜜酱,桶,0.21999999999999995,黑胡椒蜂蜜酱,1 (存量收编),"(仅新增canonical_id绑定,不动业务字段)"
wh_003,AUTO-20260704121301674531,80,黑胡椒,瓶,0.0,黑胡椒,1 (存量收编),"(仅新增canonical_id绑定,不动业务字段)"
wh_003,AUTO-20260711212038269294,81,香草酱F,罐,2.409999999999999,香草酱F,1 (存量收编),"(仅新增canonical_id绑定,不动业务字段)"
wh_003,AUTO-20260711212106179590,82,曲奇酱F,罐,2.0599999999999996,曲奇酱F,1 (存量收编),"(仅新增canonical_id绑定,不动业务字段)"
wh_002,AUTO-20260713140822716645,79,香草酱,罐,1.3200000000000005,香草酱,1 (存量收编),"(仅新增canonical_id绑定,不动业务字段)"
wh_004,AUTO-20260713140822716645,64,香草酱,罐,1.5999999999999996,香草酱,1 (存量收编),"(仅新增canonical_id绑定,不动业务字段)"
wh_006,AUTO-20260713140822716645,64,香草酱,罐,1.63,香草酱,1 (存量收编),"(仅新增canonical_id绑定,不动业务字段)"
wh_002,AUTO-20260713140906199384,80,曲奇酱,罐,1.0199999999999998,曲奇酱,1 (存量收编),"(仅新增canonical_id绑定,不动业务字段)"
wh_004,AUTO-20260713140906199384,65,曲奇酱,罐,0.6099999999999999,曲奇酱,1 (存量收编),"(仅新增canonical_id绑定,不动业务字段)"
wh_006,AUTO-20260713140906199384,65,曲奇酱,罐,0.7100000000000001,曲奇酱,1 (存量收编),"(仅新增canonical_id绑定,不动业务字段)"
wh_003,AUTO-20260727214031595572,84,无糖黑巧克力,罐,4.319999999999999,无糖黑巧克力,1 (存量收编),"(仅新增canonical_id绑定,不动业务字段)"
wh_000,AUTO-20260818120145575388,79,冷冻芭乐酱,箱,1.85,冷冻芭乐酱,1 (存量收编),"(仅新增canonical_id绑定,不动业务字段)"
wh_003,AUTO-20260825133221240423,85,冷冻芭乐浆,箱,1.0,冷冻芭乐浆,1 (存量收编),"(仅新增canonical_id绑定,不动业务字段)"
wh_003,AUTO-20260901130925331349,86,柚子汁,瓶,3.0,柚子汁,1 (存量收编),"(仅新增canonical_id绑定,不动业务字段)"
wh_003,AUTO-20260901130954448295,87,酸木瓜汁,瓶,9.0,酸木瓜汁,1 (存量收编),"(仅新增canonical_id绑定,不动业务字段)"
wh_003,AUTO-20260901131120406128,88,白糯米饭,包,6.0,白糯米饭,1 (存量收编),"(仅新增canonical_id绑定,不动业务字段)"
wh_000,AUTO-20260908125319068304,80,香草酱F,罐,1.0,香草酱F,1 (存量收编),"(仅新增canonical_id绑定,不动业务字段)"
wh_000,AUTO-20260908125333616595,81,草莓酱F,罐,3.0,草莓酱F,1 (存量收编),"(仅新增canonical_id绑定,不动业务字段)"
wh_000,AUTO-20260908125400774577,82,曲奇酱F,罐,2.0,曲奇酱F,1 (存量收编),"(仅新增canonical_id绑定,不动业务字段)"
wh_000,AUTO-20260908125537696998,83,玉米糖浆水怡,瓶,0.0,玉米糖浆水怡,1 (存量收编),"(仅新增canonical_id绑定,不动业务字段)"
wh_003,AUTO-20260908134321700385,89,草莓酱F,件,2.0999999999999996,草莓酱F,1 (存量收编),"(仅新增canonical_id绑定,不动业务字段)"
wh_004,AUTO-20260909105921261577,66,蜂蜜酱,罐,0.75,蜂蜜酱,1 (存量收编),"(仅新增canonical_id绑定,不动业务字段)"
wh_006,AUTO-20260909105921261577,66,蜂蜜酱,罐,0.0,蜂蜜酱,1 (存量收编),"(仅新增canonical_id绑定,不动业务字段)"
wh_003,AUTO-20260909134055159201,90,稳定剂,罐,0.7299999999999998,稳定剂,1 (存量收编),"(仅新增canonical_id绑定,不动业务字段)"
wh_003,AUTO-20260909134309351771,91,脱脂奶粉,袋,2.559999999999999,脱脂奶粉,1 (存量收编),"(仅新增canonical_id绑定,不动业务字段)"
wh_003,AUTO-20260909134557334679,92,榛子酱F,罐,3.88,榛子酱F,1 (存量收编),"(仅新增canonical_id绑定,不动业务字段)"
wh_003,AUTO-20260916232736798657,93,酸奶粉,包,0.56,酸奶粉,1 (存量收编),"(仅新增canonical_id绑定,不动业务字段)"
wh_000,AUTO-20260920200349062439,84,进口水果粉C,包,0.0,进口水果粉C,1 (存量收编),"(仅新增canonical_id绑定,不动业务字段)"
wh_000,AUTO-20260920200418134426,85,进口酸奶粉F,包,3.0,进口酸奶粉F,1 (存量收编),"(仅新增canonical_id绑定,不动业务字段)"
wh_004,AUTO-20260925095553716091,67,榛子酱F,罐,2.099999999999999,榛子酱F,1 (存量收编),"(仅新增canonical_id绑定,不动业务字段)"
wh_006,AUTO-20260925095553716091,67,榛子酱F,罐,0.9800000000000002,榛子酱F,1 (存量收编),"(仅新增canonical_id绑定,不动业务字段)"
wh_004,AUTO-20260925095633789047,68,无糖黑巧克力,罐,1.4599999999999995,无糖黑巧克力,1 (存量收编),"(仅新增canonical_id绑定,不动业务字段)"
wh_006,AUTO-20260925095633789047,68,无糖黑巧克力,罐,1.11,无糖黑巧克力,1 (存量收编),"(仅新增canonical_id绑定,不动业务字段)"
wh_004,AUTO-20260927103250531160,69,韩国水怡,瓶,11.98,韩国水怡,1 (存量收编),"(仅新增canonical_id绑定,不动业务字段)"
wh_006,AUTO-20260927103250531160,69,韩国水怡,瓶,6.0,韩国水怡,1 (存量收编),"(仅新增canonical_id绑定,不动业务字段)"
wh_004,AUTO-20260927103519878536,70,脱脂奶粉,袋,1.92,脱脂奶粉,1 (存量收编),"(仅新增canonical_id绑定,不动业务字段)"
wh_006,AUTO-20260927103519878536,70,脱脂奶粉,袋,0.0,脱脂奶粉,1 (存量收编),"(仅新增canonical_id绑定,不动业务字段)"
wh_006,AUTO-20260929223249557474,71,酸奶粉,袋,0.95,酸奶粉,1 (存量收编),"(仅新增canonical_id绑定,不动业务字段)"
wh_006,AUTO-20260929224749751813,72,原味巴斯克,件,0.1,原味巴斯克,1 (存量收编),"(仅新增canonical_id绑定,不动业务字段)"
wh_006,AUTO-20260929224828016735,73,开心果树莓巴斯克,件,0.1,开心果树莓巴斯克,1 (存量收编),"(仅新增canonical_id绑定,不动业务字段)"
wh_006,AUTO-20260929224849071965,74,抹茶红豆巴斯克,件,0.1,抹茶红豆巴斯克,1 (存量收编),"(仅新增canonical_id绑定,不动业务字段)"
wh_006,AUTO-20260929224914451737,75,伯爵栗子巴斯克,件,0.1,伯爵栗子巴斯克,1 (存量收编),"(仅新增canonical_id绑定,不动业务字段)"
wh_002,AUTO-20260930095440068502,81,无糖黑巧克力,罐,0.64,无糖黑巧克力,1 (存量收编),"(仅新增canonical_id绑定,不动业务字段)"
wh_002,AUTO-20260930095500769039,82,进口榛子酱F,罐,0.4000000000000001,进口榛子酱F,1 (存量收编),"(仅新增canonical_id绑定,不动业务字段)"
wh_002,AUTO-20260930201134565416,83,进口酸奶粉F,袋,0.2,进口酸奶粉F,1 (存量收编),"(仅新增canonical_id绑定,不动业务字段)"
wh_002,AUTO-20260930201731668284,84,进口开心果酱,罐,0.5199999999999999,进口开心果酱,1 (存量收编),"(仅新增canonical_id绑定,不动业务字段)"
wh_003,AUTO-20260930201858933225,94,进口开心果酱,罐,1.1800000000000002,进口开心果酱,1 (存量收编),"(仅新增canonical_id绑定,不动业务字段)"
wh_004,AUTO-20260930202021571485,71,进口开心果,罐,0.7600000000000001,进口开心果,1 (存量收编),"(仅新增canonical_id绑定,不动业务字段)"
wh_003,AUTO-20261002171558254999,95,进口焦糖酱,罐,1.0,进口焦糖酱,1 (存量收编),"(仅新增canonical_id绑定,不动业务字段)"
wh_000,AUTO-20261003141205584075,86,进口开心果酱,罐,0.0,进口开心果酱,1 (存量收编),"(仅新增canonical_id绑定,不动业务字段)"
wh_000,AUTO-20261003141247480692,87,进口酸奶浆F,包,3.0,进口酸奶浆F,1 (存量收编),"(仅新增canonical_id绑定,不动业务字段)"
wh_000,AUTO-20261003141309125526,88,进口榛子酱F,罐,0.0,进口榛子酱F,1 (存量收编),"(仅新增canonical_id绑定,不动业务字段)"
wh_000,AUTO-20261003141335281787,89,无糖黑巧克力,罐,0.0,无糖黑巧克力,1 (存量收编),"(仅新增canonical_id绑定,不动业务字段)"
